{"cameraMode":{"drawMode":0,"name":"Shaded","section":"Shading Mode"},"sceneLighting":true,"audioPlay":false,"sceneViewState":{"showFog":true,"showMaterialUpdate":false,"showSkybox":true,"showFlares":true,"showImageEffects":true,"showParticleSystems":true},"in2DMode":false,"pivot":{"x":11.454994201660157,"y":-19.064586639404298,"z":-27.530773162841798},"rotation":{"x":-0.04639996215701103,"y":-0.9432955980300903,"z":0.29272422194480898,"w":-0.14952263236045838},"size":44.261775970458987,"orthographic":false}