{"cameraMode":{"drawMode":0,"name":"Shaded","section":"Shading Mode"},"sceneLighting":true,"audioPlay":false,"sceneViewState":{"showFog":true,"showMaterialUpdate":false,"showSkybox":true,"showFlares":true,"showImageEffects":true,"showParticleSystems":true},"in2DMode":false,"pivot":{"x":3.0621752738952638,"y":-3.6862058639526369,"z":-55.36219024658203},"rotation":{"x":-0.00016762057202868164,"y":0.9992243647575378,"z":-0.03929901868104935,"w":-0.00419556675478816},"size":62.303062438964847,"orthographic":false}